tracer_name,tracer_label,condition_name,condition_label,sample_id,actual_time_min,run_display,roi_folder,dx_mm,center_of_mass_depth,deep_tail_fraction
GAD,GAD,pump_off,Pump off,GAD_OFF_OLD_PAIR,0.0,C:\Users\brend\OneDrive - University of Toronto\VS Code Files\Results\Results_Paper_1\GAD_Swollen_No_Pressure_135kvp,GAD,0.166,0.19094812186141,0.04909218092140168
GAD,GAD,pump_off,Pump off,GAD_OFF_OLD_PAIR,0.16666666666666652,C:\Users\brend\OneDrive - University of Toronto\VS Code Files\Results\Results_Paper_1\GAD_Swollen_No_Pressure_135kvp,GAD,0.166,0.2033645429874254,0.058607610194191605
GAD,GAD,pump_off,Pump off,GAD_OFF_OLD_PAIR,0.33333333333333304,C:\Users\brend\OneDrive - University of Toronto\VS Code Files\Results\Results_Paper_1\GAD_Swollen_No_Pressure_135kvp,GAD,0.166,0.1912927935715995,0.05215388918619923
GAD,GAD,pump_off,Pump off,GAD_OFF_OLD_PAIR,0.49999999999999956,C:\Users\brend\OneDrive - University of Toronto\VS Code Files\Results\Results_Paper_1\GAD_Swollen_No_Pressure_135kvp,GAD,0.166,0.20448850141476846,0.06001427532849525
GAD,GAD,pump_off,Pump off,GAD_OFF_OLD_PAIR,0.6666666666666661,C:\Users\brend\OneDrive - University of Toronto\VS Code Files\Results\Results_Paper_1\GAD_Swollen_No_Pressure_135kvp,GAD,0.166,0.20358264177512142,0.06038790138989379
GAD,GAD,pump_off,Pump off,GAD_OFF_OLD_PAIR,0.8333333333333326,C:\Users\brend\OneDrive - University of Toronto\VS Code Files\Results\Results_Paper_1\GAD_Swollen_No_Pressure_135kvp,GAD,0.166,0.1994767626154206,0.05662296680665485
GAD,GAD,pump_off,Pump off,GAD_OFF_OLD_PAIR,0.9999999999999991,C:\Users\brend\OneDrive - University of Toronto\VS Code Files\Results\Results_Paper_1\GAD_Swollen_No_Pressure_135kvp,GAD,0.166,0.20165668333063638,0.04448350347351732
GAD,GAD,pump_off,Pump off,GAD_OFF_OLD_PAIR,1.1666666666666656,C:\Users\brend\OneDrive - University of Toronto\VS Code Files\Results\Results_Paper_1\GAD_Swollen_No_Pressure_135kvp,GAD,0.166,0.19493586480091615,0.041992675275676454
GAD,GAD,pump_off,Pump off,GAD_OFF_OLD_PAIR,1.3333333333333321,C:\Users\brend\OneDrive - University of Toronto\VS Code Files\Results\Results_Paper_1\GAD_Swollen_No_Pressure_135kvp,GAD,0.166,0.20282814585863507,0.053160918949328576
GAD,GAD,pump_off,Pump off,GAD_OFF_OLD_PAIR,1.4999999999999987,C:\Users\brend\OneDrive - University of Toronto\VS Code Files\Results\Results_Paper_1\GAD_Swollen_No_Pressure_135kvp,GAD,0.166,0.21073679027627681,0.05757968459563325
GAD,GAD,pump_off,Pump off,GAD_OFF_OLD_PAIR,1.6666666666666652,C:\Users\brend\OneDrive - University of Toronto\VS Code Files\Results\Results_Paper_1\GAD_Swollen_No_Pressure_135kvp,GAD,0.166,0.1984117192905784,0.04361517954021009
GAD,GAD,pump_off,Pump off,GAD_OFF_OLD_PAIR,1.8333333333333317,C:\Users\brend\OneDrive - University of Toronto\VS Code Files\Results\Results_Paper_1\GAD_Swollen_No_Pressure_135kvp,GAD,0.166,0.19511790873080076,0.03861136494818959
GAD,GAD,pump_off,Pump off,GAD_OFF_OLD_PAIR,1.9999999999999982,C:\Users\brend\OneDrive - University of Toronto\VS Code Files\Results\Results_Paper_1\GAD_Swollen_No_Pressure_135kvp,GAD,0.166,0.19833328978928105,0.04338979747721555
GAD,GAD,pump_off,Pump off,GAD_OFF_OLD_PAIR,2.1666666666666647,C:\Users\brend\OneDrive - University of Toronto\VS Code Files\Results\Results_Paper_1\GAD_Swollen_No_Pressure_135kvp,GAD,0.166,0.19775179094416245,0.041778716922985
GAD,GAD,pump_off,Pump off,GAD_OFF_OLD_PAIR,2.3333333333333313,C:\Users\brend\OneDrive - University of Toronto\VS Code Files\Results\Results_Paper_1\GAD_Swollen_No_Pressure_135kvp,GAD,0.166,0.19744904156702164,0.04043777197797581
GAD,GAD,pump_off,Pump off,GAD_OFF_OLD_PAIR,2.499999999999998,C:\Users\brend\OneDrive - University of Toronto\VS Code Files\Results\Results_Paper_1\GAD_Swollen_No_Pressure_135kvp,GAD,0.166,0.19959392948917076,0.041405215152359086
GAD,GAD,pump_off,Pump off,GAD_OFF_OLD_PAIR,2.6666666666666643,C:\Users\brend\OneDrive - University of Toronto\VS Code Files\Results\Results_Paper_1\GAD_Swollen_No_Pressure_135kvp,GAD,0.166,0.2016186949485153,0.04239480462308634
GAD,GAD,pump_off,Pump off,GAD_OFF_OLD_PAIR,2.833333333333331,C:\Users\brend\OneDrive - University of Toronto\VS Code Files\Results\Results_Paper_1\GAD_Swollen_No_Pressure_135kvp,GAD,0.166,0.2028518940157176,0.04370409864589868
GAD,GAD,pump_off,Pump off,GAD_OFF_OLD_PAIR,2.9999999999999973,C:\Users\brend\OneDrive - University of Toronto\VS Code Files\Results\Results_Paper_1\GAD_Swollen_No_Pressure_135kvp,GAD,0.166,0.2042533857790948,0.04504020947266236
GAD,GAD,pump_off,Pump off,GAD_OFF_OLD_PAIR,3.166666666666664,C:\Users\brend\OneDrive - University of Toronto\VS Code Files\Results\Results_Paper_1\GAD_Swollen_No_Pressure_135kvp,GAD,0.166,0.2073874794544639,0.046866144262645855
GAD,GAD,pump_off,Pump off,GAD_OFF_OLD_PAIR,3.3333333333333304,C:\Users\brend\OneDrive - University of Toronto\VS Code Files\Results\Results_Paper_1\GAD_Swollen_No_Pressure_135kvp,GAD,0.166,0.210003679452391,0.04829274123818935
GAD,GAD,pump_off,Pump off,GAD_OFF_OLD_PAIR,3.499999999999997,C:\Users\brend\OneDrive - University of Toronto\VS Code Files\Results\Results_Paper_1\GAD_Swollen_No_Pressure_135kvp,GAD,0.166,0.2084967411658137,0.04643589434898005
GAD,GAD,pump_off,Pump off,GAD_OFF_OLD_PAIR,3.6666666666666634,C:\Users\brend\OneDrive - University of Toronto\VS Code Files\Results\Results_Paper_1\GAD_Swollen_No_Pressure_135kvp,GAD,0.166,0.20760207717506413,0.04517224102357425
GAD,GAD,pump_off,Pump off,GAD_OFF_OLD_PAIR,3.83333333333333,C:\Users\brend\OneDrive - University of Toronto\VS Code Files\Results\Results_Paper_1\GAD_Swollen_No_Pressure_135kvp,GAD,0.166,0.21220068624948724,0.049255163729751056
GAD,GAD,pump_off,Pump off,GAD_OFF_OLD_PAIR,3.9999999999999964,C:\Users\brend\OneDrive - University of Toronto\VS Code Files\Results\Results_Paper_1\GAD_Swollen_No_Pressure_135kvp,GAD,0.166,0.2163471983588105,0.05288685897733067
GAD,GAD,pump_off,Pump off,GAD_OFF_OLD_PAIR,4.1666666666666625,C:\Users\brend\OneDrive - University of Toronto\VS Code Files\Results\Results_Paper_1\GAD_Swollen_No_Pressure_135kvp,GAD,0.166,0.21767291739041497,0.0535729987788686
GAD,GAD,pump_off,Pump off,GAD_OFF_OLD_PAIR,4.3333333333333295,C:\Users\brend\OneDrive - University of Toronto\VS Code Files\Results\Results_Paper_1\GAD_Swollen_No_Pressure_135kvp,GAD,0.166,0.21832191800455444,0.053565219625474315
GAD,GAD,pump_off,Pump off,GAD_OFF_OLD_PAIR,4.4999999999999964,C:\Users\brend\OneDrive - University of Toronto\VS Code Files\Results\Results_Paper_1\GAD_Swollen_No_Pressure_135kvp,GAD,0.166,0.21311007399232423,0.04738313666160611
GAD,GAD,pump_off,Pump off,GAD_OFF_OLD_PAIR,4.6666666666666625,C:\Users\brend\OneDrive - University of Toronto\VS Code Files\Results\Results_Paper_1\GAD_Swollen_No_Pressure_135kvp,GAD,0.166,0.20914399725124416,0.04255840707375778
GAD,GAD,pump_off,Pump off,GAD_OFF_OLD_PAIR,4.833333333333329,C:\Users\brend\OneDrive - University of Toronto\VS Code Files\Results\Results_Paper_1\GAD_Swollen_No_Pressure_135kvp,GAD,0.166,0.2173404335067148,0.05110484109313213
GAD,GAD,pump_off,Pump off,GAD_OFF_OLD_PAIR,4.999999999999996,C:\Users\brend\OneDrive - University of Toronto\VS Code Files\Results\Results_Paper_1\GAD_Swollen_No_Pressure_135kvp,GAD,0.166,0.22423223858783378,0.058070351942951424
GAD,GAD,pump_off,Pump off,GAD_OFF_OLD_PAIR,5.1666666666666625,C:\Users\brend\OneDrive - University of Toronto\VS Code Files\Results\Results_Paper_1\GAD_Swollen_No_Pressure_135kvp,GAD,0.166,0.22222719253326173,0.05376877704827258
GAD,GAD,pump_off,Pump off,GAD_OFF_OLD_PAIR,5.333333333333329,C:\Users\brend\OneDrive - University of Toronto\VS Code Files\Results\Results_Paper_1\GAD_Swollen_No_Pressure_135kvp,GAD,0.166,0.22038258043550485,0.050159095547438595
GAD,GAD,pump_off,Pump off,GAD_OFF_OLD_PAIR,5.499999999999995,C:\Users\brend\OneDrive - University of Toronto\VS Code Files\Results\Results_Paper_1\GAD_Swollen_No_Pressure_135kvp,GAD,0.166,0.22005440535853016,0.052926223990723976
GAD,GAD,pump_off,Pump off,GAD_OFF_OLD_PAIR,5.666666666666662,C:\Users\brend\OneDrive - University of Toronto\VS Code Files\Results\Results_Paper_1\GAD_Swollen_No_Pressure_135kvp,GAD,0.166,0.21976205539255422,0.055008466912007406
GAD,GAD,pump_off,Pump off,GAD_OFF_OLD_PAIR,5.833333333333329,C:\Users\brend\OneDrive - University of Toronto\VS Code Files\Results\Results_Paper_1\GAD_Swollen_No_Pressure_135kvp,GAD,0.166,0.2197833603025355,0.0510394086810587
GAD,GAD,pump_off,Pump off,GAD_OFF_OLD_PAIR,5.999999999999995,C:\Users\brend\OneDrive - University of Toronto\VS Code Files\Results\Results_Paper_1\GAD_Swollen_No_Pressure_135kvp,GAD,0.166,0.22018335371562797,0.04802500720900068
GAD,GAD,pump_off,Pump off,GAD_OFF_OLD_PAIR,6.166666666666661,C:\Users\brend\OneDrive - University of Toronto\VS Code Files\Results\Results_Paper_1\GAD_Swollen_No_Pressure_135kvp,GAD,0.166,0.22395157307277327,0.05292737059233285
GAD,GAD,pump_off,Pump off,GAD_OFF_OLD_PAIR,6.333333333333328,C:\Users\brend\OneDrive - University of Toronto\VS Code Files\Results\Results_Paper_1\GAD_Swollen_No_Pressure_135kvp,GAD,0.166,0.22723117413744082,0.05675912252024894
GAD,GAD,pump_off,Pump off,GAD_OFF_OLD_PAIR,6.499999999999995,C:\Users\brend\OneDrive - University of Toronto\VS Code Files\Results\Results_Paper_1\GAD_Swollen_No_Pressure_135kvp,GAD,0.166,0.22678156929391277,0.05191146218586728
GAD,GAD,pump_off,Pump off,GAD_OFF_OLD_PAIR,6.666666666666661,C:\Users\brend\OneDrive - University of Toronto\VS Code Files\Results\Results_Paper_1\GAD_Swollen_No_Pressure_135kvp,GAD,0.166,0.22656235740378525,0.047998058665117665
GAD,GAD,pump_off,Pump off,GAD_OFF_OLD_PAIR,6.833333333333327,C:\Users\brend\OneDrive - University of Toronto\VS Code Files\Results\Results_Paper_1\GAD_Swollen_No_Pressure_135kvp,GAD,0.166,0.22828562558188534,0.051027252948808124
GAD,GAD,pump_off,Pump off,GAD_OFF_OLD_PAIR,6.999999999999994,C:\Users\brend\OneDrive - University of Toronto\VS Code Files\Results\Results_Paper_1\GAD_Swollen_No_Pressure_135kvp,GAD,0.166,0.22987815577320792,0.05384031566368191
GAD,GAD,pump_off,Pump off,GAD_OFF_OLD_PAIR,7.166666666666661,C:\Users\brend\OneDrive - University of Toronto\VS Code Files\Results\Results_Paper_1\GAD_Swollen_No_Pressure_135kvp,GAD,0.166,0.23020144476471224,0.0545448607384097
GAD,GAD,pump_off,Pump off,GAD_OFF_OLD_PAIR,7.333333333333327,C:\Users\brend\OneDrive - University of Toronto\VS Code Files\Results\Results_Paper_1\GAD_Swollen_No_Pressure_135kvp,GAD,0.166,0.23039416500523885,0.054899451216375524
GAD,GAD,pump_off,Pump off,GAD_OFF_OLD_PAIR,7.499999999999993,C:\Users\brend\OneDrive - University of Toronto\VS Code Files\Results\Results_Paper_1\GAD_Swollen_No_Pressure_135kvp,GAD,0.166,0.22943906043771062,0.05216853538429609
GAD,GAD,pump_off,Pump off,GAD_OFF_OLD_PAIR,7.66666666666666,C:\Users\brend\OneDrive - University of Toronto\VS Code Files\Results\Results_Paper_1\GAD_Swollen_No_Pressure_135kvp,GAD,0.166,0.2288721642610452,0.04995999767607539
GAD,GAD,pump_off,Pump off,GAD_OFF_OLD_PAIR,7.833333333333327,C:\Users\brend\OneDrive - University of Toronto\VS Code Files\Results\Results_Paper_1\GAD_Swollen_No_Pressure_135kvp,GAD,0.166,0.23167571797172073,0.0521405994354996
GAD,GAD,pump_off,Pump off,GAD_OFF_OLD_PAIR,7.999999999999993,C:\Users\brend\OneDrive - University of Toronto\VS Code Files\Results\Results_Paper_1\GAD_Swollen_No_Pressure_135kvp,GAD,0.166,0.23412003648021568,0.054088267919051754
GAD,GAD,pump_off,Pump off,GAD_OFF_OLD_PAIR,8.166666666666659,C:\Users\brend\OneDrive - University of Toronto\VS Code Files\Results\Results_Paper_1\GAD_Swollen_No_Pressure_135kvp,GAD,0.166,0.23363309801893242,0.05417232885372393
GAD,GAD,pump_off,Pump off,GAD_OFF_OLD_PAIR,8.333333333333325,C:\Users\brend\OneDrive - University of Toronto\VS Code Files\Results\Results_Paper_1\GAD_Swollen_No_Pressure_135kvp,GAD,0.166,0.23361751639960315,0.054631486508286954
GAD,GAD,pump_off,Pump off,GAD_OFF_OLD_PAIR,8.499999999999993,C:\Users\brend\OneDrive - University of Toronto\VS Code Files\Results\Results_Paper_1\GAD_Swollen_No_Pressure_135kvp,GAD,0.166,0.23776387591069423,0.05842823822330761
GAD,GAD,pump_off,Pump off,GAD_OFF_OLD_PAIR,8.666666666666659,C:\Users\brend\OneDrive - University of Toronto\VS Code Files\Results\Results_Paper_1\GAD_Swollen_No_Pressure_135kvp,GAD,0.166,0.24159647108065327,0.06194130179122882
GAD,GAD,pump_off,Pump off,GAD_OFF_OLD_PAIR,8.833333333333325,C:\Users\brend\OneDrive - University of Toronto\VS Code Files\Results\Results_Paper_1\GAD_Swollen_No_Pressure_135kvp,GAD,0.166,0.2433195718801798,0.06355501025710077
GAD,GAD,pump_off,Pump off,GAD_OFF_OLD_PAIR,8.999999999999993,C:\Users\brend\OneDrive - University of Toronto\VS Code Files\Results\Results_Paper_1\GAD_Swollen_No_Pressure_135kvp,GAD,0.166,0.24487239109982203,0.06490011645347533
GAD,GAD,pump_off,Pump off,GAD_OFF_OLD_PAIR,9.166666666666659,C:\Users\brend\OneDrive - University of Toronto\VS Code Files\Results\Results_Paper_1\GAD_Swollen_No_Pressure_135kvp,GAD,0.166,0.24512149680725268,0.06404330282749572
GAD,GAD,pump_off,Pump off,GAD_OFF_OLD_PAIR,9.333333333333325,C:\Users\brend\OneDrive - University of Toronto\VS Code Files\Results\Results_Paper_1\GAD_Swollen_No_Pressure_135kvp,GAD,0.166,0.24476332356844258,0.06246178644935507
GAD,GAD,pump_off,Pump off,GAD_OFF_OLD_PAIR,9.499999999999991,C:\Users\brend\OneDrive - University of Toronto\VS Code Files\Results\Results_Paper_1\GAD_Swollen_No_Pressure_135kvp,GAD,0.166,0.23890222116484627,0.05428505952994977
GAD,GAD,pump_off,Pump off,GAD_OFF_OLD_PAIR,9.666666666666657,C:\Users\brend\OneDrive - University of Toronto\VS Code Files\Results\Results_Paper_1\GAD_Swollen_No_Pressure_135kvp,GAD,0.166,0.23438165055872331,0.047927684536541885
GAD,GAD,pump_off,Pump off,GAD_OFF_OLD_PAIR,9.833333333333325,C:\Users\brend\OneDrive - University of Toronto\VS Code Files\Results\Results_Paper_1\GAD_Swollen_No_Pressure_135kvp,GAD,0.166,0.24246519815105455,0.058704160027328686
GAD,GAD,pump_off,Pump off,GAD_OFF_OLD_PAIR,9.999999999999991,C:\Users\brend\OneDrive - University of Toronto\VS Code Files\Results\Results_Paper_1\GAD_Swollen_No_Pressure_135kvp,GAD,0.166,0.24923737212192823,0.06776933118350544
GAD,GAD,pump_off,Pump off,GAD_OFF_OLD_PAIR,10.166666666666657,C:\Users\brend\OneDrive - University of Toronto\VS Code Files\Results\Results_Paper_1\GAD_Swollen_No_Pressure_135kvp,GAD,0.166,0.24595118750606185,0.06376156046034505
GAD,GAD,pump_off,Pump off,GAD_OFF_OLD_PAIR,10.333333333333325,C:\Users\brend\OneDrive - University of Toronto\VS Code Files\Results\Results_Paper_1\GAD_Swollen_No_Pressure_135kvp,GAD,0.166,0.24290005811090257,0.059822170338054294
GAD,GAD,pump_off,Pump off,GAD_OFF_OLD_PAIR,10.499999999999991,C:\Users\brend\OneDrive - University of Toronto\VS Code Files\Results\Results_Paper_1\GAD_Swollen_No_Pressure_135kvp,GAD,0.166,0.24249908411716067,0.057174401546776304
GAD,GAD,pump_off,Pump off,GAD_OFF_OLD_PAIR,10.666666666666657,C:\Users\brend\OneDrive - University of Toronto\VS Code Files\Results\Results_Paper_1\GAD_Swollen_No_Pressure_135kvp,GAD,0.166,0.24218186996865781,0.05497734149205449
GAD,GAD,pump_off,Pump off,GAD_OFF_OLD_PAIR,10.833333333333323,C:\Users\brend\OneDrive - University of Toronto\VS Code Files\Results\Results_Paper_1\GAD_Swollen_No_Pressure_135kvp,GAD,0.166,0.24254944743997425,0.0563827836476056
GAD,GAD,pump_off,Pump off,GAD_OFF_OLD_PAIR,10.99999999999999,C:\Users\brend\OneDrive - University of Toronto\VS Code Files\Results\Results_Paper_1\GAD_Swollen_No_Pressure_135kvp,GAD,0.166,0.2433051422137513,0.057992190069780396
GAD,GAD,pump_off,Pump off,GAD_OFF_OLD_PAIR,11.166666666666657,C:\Users\brend\OneDrive - University of Toronto\VS Code Files\Results\Results_Paper_1\GAD_Swollen_No_Pressure_135kvp,GAD,0.166,0.24750033031492824,0.06142796976919631
GAD,GAD,pump_off,Pump off,GAD_OFF_OLD_PAIR,11.333333333333323,C:\Users\brend\OneDrive - University of Toronto\VS Code Files\Results\Results_Paper_1\GAD_Swollen_No_Pressure_135kvp,GAD,0.166,0.25112545820648696,0.06437386001250991
GAD,GAD,pump_off,Pump off,GAD_OFF_OLD_PAIR,11.49999999999999,C:\Users\brend\OneDrive - University of Toronto\VS Code Files\Results\Results_Paper_1\GAD_Swollen_No_Pressure_135kvp,GAD,0.166,0.25060259893521175,0.06371491952370838
GAD,GAD,pump_off,Pump off,GAD_OFF_OLD_PAIR,11.666666666666657,C:\Users\brend\OneDrive - University of Toronto\VS Code Files\Results\Results_Paper_1\GAD_Swollen_No_Pressure_135kvp,GAD,0.166,0.25035180402804436,0.06324523395917803
GAD,GAD,pump_off,Pump off,GAD_OFF_OLD_PAIR,11.833333333333323,C:\Users\brend\OneDrive - University of Toronto\VS Code Files\Results\Results_Paper_1\GAD_Swollen_No_Pressure_135kvp,GAD,0.166,0.25253985115345956,0.06448605519529632
GAD,GAD,pump_off,Pump off,GAD_OFF_OLD_PAIR,11.99999999999999,C:\Users\brend\OneDrive - University of Toronto\VS Code Files\Results\Results_Paper_1\GAD_Swollen_No_Pressure_135kvp,GAD,0.166,0.2543573351973009,0.06540396194747129
GAD,GAD,pump_off,Pump off,GAD_OFF_OLD_PAIR,12.166666666666655,C:\Users\brend\OneDrive - University of Toronto\VS Code Files\Results\Results_Paper_1\GAD_Swollen_No_Pressure_135kvp,GAD,0.166,0.25326989331247823,0.06366283230895847
GAD,GAD,pump_off,Pump off,GAD_OFF_OLD_PAIR,12.333333333333321,C:\Users\brend\OneDrive - University of Toronto\VS Code Files\Results\Results_Paper_1\GAD_Swollen_No_Pressure_135kvp,GAD,0.166,0.25254277246799756,0.062395870888117363
GAD,GAD,pump_off,Pump off,GAD_OFF_OLD_PAIR,12.49999999999999,C:\Users\brend\OneDrive - University of Toronto\VS Code Files\Results\Results_Paper_1\GAD_Swollen_No_Pressure_135kvp,GAD,0.166,0.25499666324152565,0.06530278785187135
GAD,GAD,pump_off,Pump off,GAD_OFF_OLD_PAIR,12.666666666666655,C:\Users\brend\OneDrive - University of Toronto\VS Code Files\Results\Results_Paper_1\GAD_Swollen_No_Pressure_135kvp,GAD,0.166,0.25671890419692495,0.0673585729090163
GAD,GAD,pump_off,Pump off,GAD_OFF_OLD_PAIR,12.833333333333321,C:\Users\brend\OneDrive - University of Toronto\VS Code Files\Results\Results_Paper_1\GAD_Swollen_No_Pressure_135kvp,GAD,0.166,0.25199785353913867,0.06192385046136809
GAD,GAD,pump_off,Pump off,GAD_OFF_OLD_PAIR,12.99999999999999,C:\Users\brend\OneDrive - University of Toronto\VS Code Files\Results\Results_Paper_1\GAD_Swollen_No_Pressure_135kvp,GAD,0.166,0.24837372965322718,0.05770759628001975
GAD,GAD,pump_off,Pump off,GAD_OFF_OLD_PAIR,13.166666666666655,C:\Users\brend\OneDrive - University of Toronto\VS Code Files\Results\Results_Paper_1\GAD_Swollen_No_Pressure_135kvp,GAD,0.166,0.2554194001330719,0.06538471799924628
GAD,GAD,pump_off,Pump off,GAD_OFF_OLD_PAIR,13.333333333333321,C:\Users\brend\OneDrive - University of Toronto\VS Code Files\Results\Results_Paper_1\GAD_Swollen_No_Pressure_135kvp,GAD,0.166,0.2613572645504815,0.07163261634347952
GAD,GAD,pump_off,Pump off,GAD_OFF_OLD_PAIR,13.499999999999988,C:\Users\brend\OneDrive - University of Toronto\VS Code Files\Results\Results_Paper_1\GAD_Swollen_No_Pressure_135kvp,GAD,0.166,0.2595525896524238,0.06744478510036148
GAD,GAD,pump_off,Pump off,GAD_OFF_OLD_PAIR,13.666666666666654,C:\Users\brend\OneDrive - University of Toronto\VS Code Files\Results\Results_Paper_1\GAD_Swollen_No_Pressure_135kvp,GAD,0.166,0.25809252964150364,0.06398219572077461
GAD,GAD,pump_off,Pump off,GAD_OFF_OLD_PAIR,13.833333333333321,C:\Users\brend\OneDrive - University of Toronto\VS Code Files\Results\Results_Paper_1\GAD_Swollen_No_Pressure_135kvp,GAD,0.166,0.25973439208375315,0.06704801267167267
GAD,GAD,pump_off,Pump off,GAD_OFF_OLD_PAIR,13.999999999999988,C:\Users\brend\OneDrive - University of Toronto\VS Code Files\Results\Results_Paper_1\GAD_Swollen_No_Pressure_135kvp,GAD,0.166,0.26140039561856776,0.0699534044657082
GAD,GAD,pump_off,Pump off,GAD_OFF_OLD_PAIR,14.166666666666654,C:\Users\brend\OneDrive - University of Toronto\VS Code Files\Results\Results_Paper_1\GAD_Swollen_No_Pressure_135kvp,GAD,0.166,0.26327691503689654,0.07142188079425617
GAD,GAD,pump_off,Pump off,GAD_OFF_OLD_PAIR,14.333333333333321,C:\Users\brend\OneDrive - University of Toronto\VS Code Files\Results\Results_Paper_1\GAD_Swollen_No_Pressure_135kvp,GAD,0.166,0.26467809720677254,0.07247453342501073
GAD,GAD,pump_off,Pump off,GAD_OFF_OLD_PAIR,14.499999999999988,C:\Users\brend\OneDrive - University of Toronto\VS Code Files\Results\Results_Paper_1\GAD_Swollen_No_Pressure_135kvp,GAD,0.166,0.2620776357443948,0.0700013008918869
GAD,GAD,pump_off,Pump off,GAD_OFF_OLD_PAIR,14.666666666666654,C:\Users\brend\OneDrive - University of Toronto\VS Code Files\Results\Results_Paper_1\GAD_Swollen_No_Pressure_135kvp,GAD,0.166,0.259946674452911,0.06796245569071854
GAD,GAD,pump_off,Pump off,GAD_OFF_OLD_PAIR,14.83333333333332,C:\Users\brend\OneDrive - University of Toronto\VS Code Files\Results\Results_Paper_1\GAD_Swollen_No_Pressure_135kvp,GAD,0.166,0.26202209379617203,0.06981475186972834
GAD,GAD,pump_off,Pump off,GAD_OFF_OLD_PAIR,14.999999999999986,C:\Users\brend\OneDrive - University of Toronto\VS Code Files\Results\Results_Paper_1\GAD_Swollen_No_Pressure_135kvp,GAD,0.166,0.264019696593129,0.07172151695616008
GAD,GAD,pump_off,Pump off,GAD_OFF_OLD_PAIR,15.166666666666654,C:\Users\brend\OneDrive - University of Toronto\VS Code Files\Results\Results_Paper_1\GAD_Swollen_No_Pressure_135kvp,GAD,0.166,0.2652629005653265,0.07405870730365567
GAD,GAD,pump_off,Pump off,GAD_OFF_OLD_PAIR,15.33333333333332,C:\Users\brend\OneDrive - University of Toronto\VS Code Files\Results\Results_Paper_1\GAD_Swollen_No_Pressure_135kvp,GAD,0.166,0.26666948865513423,0.07630131335948621
GAD,GAD,pump_off,Pump off,GAD_OFF_OLD_PAIR,15.499999999999986,C:\Users\brend\OneDrive - University of Toronto\VS Code Files\Results\Results_Paper_1\GAD_Swollen_No_Pressure_135kvp,GAD,0.166,0.26968008753231304,0.07800329468963606
GAD,GAD,pump_off,Pump off,GAD_OFF_OLD_PAIR,15.666666666666654,C:\Users\brend\OneDrive - University of Toronto\VS Code Files\Results\Results_Paper_1\GAD_Swollen_No_Pressure_135kvp,GAD,0.166,0.2720870635396693,0.07910208589733578
GAD,GAD,pump_off,Pump off,GAD_OFF_OLD_PAIR,15.83333333333332,C:\Users\brend\OneDrive - University of Toronto\VS Code Files\Results\Results_Paper_1\GAD_Swollen_No_Pressure_135kvp,GAD,0.166,0.2697466177900174,0.07515917729597128
GAD,GAD,pump_off,Pump off,GAD_OFF_OLD_PAIR,15.999999999999986,C:\Users\brend\OneDrive - University of Toronto\VS Code Files\Results\Results_Paper_1\GAD_Swollen_No_Pressure_135kvp,GAD,0.166,0.26765929412199563,0.07159673254296053
GAD,GAD,pump_off,Pump off,GAD_OFF_OLD_PAIR,16.166666666666654,C:\Users\brend\OneDrive - University of Toronto\VS Code Files\Results\Results_Paper_1\GAD_Swollen_No_Pressure_135kvp,GAD,0.166,0.26785568124931197,0.07146594784445927
GAD,GAD,pump_off,Pump off,GAD_OFF_OLD_PAIR,16.333333333333318,C:\Users\brend\OneDrive - University of Toronto\VS Code Files\Results\Results_Paper_1\GAD_Swollen_No_Pressure_135kvp,GAD,0.166,0.26807945488428125,0.07155233560084967
GAD,GAD,pump_off,Pump off,GAD_OFF_OLD_PAIR,16.499999999999986,C:\Users\brend\OneDrive - University of Toronto\VS Code Files\Results\Results_Paper_1\GAD_Swollen_No_Pressure_135kvp,GAD,0.166,0.26853672547051705,0.07360265474831652
GAD,GAD,pump_off,Pump off,GAD_OFF_OLD_PAIR,16.66666666666665,C:\Users\brend\OneDrive - University of Toronto\VS Code Files\Results\Results_Paper_1\GAD_Swollen_No_Pressure_135kvp,GAD,0.166,0.2688472140720601,0.0750584291771086
GAD,GAD,pump_off,Pump off,GAD_OFF_OLD_PAIR,16.833333333333318,C:\Users\brend\OneDrive - University of Toronto\VS Code Files\Results\Results_Paper_1\GAD_Swollen_No_Pressure_135kvp,GAD,0.166,0.26784102081388217,0.07117870473638165
GAD,GAD,pump_off,Pump off,GAD_OFF_OLD_PAIR,16.999999999999986,C:\Users\brend\OneDrive - University of Toronto\VS Code Files\Results\Results_Paper_1\GAD_Swollen_No_Pressure_135kvp,GAD,0.166,0.26707236377704147,0.0678507896726907
GAD,GAD,pump_off,Pump off,GAD_OFF_OLD_PAIR,17.16666666666665,C:\Users\brend\OneDrive - University of Toronto\VS Code Files\Results\Results_Paper_1\GAD_Swollen_No_Pressure_135kvp,GAD,0.166,0.2683341975490728,0.06909351720645752
GAD,GAD,pump_off,Pump off,GAD_OFF_OLD_PAIR,17.333333333333318,C:\Users\brend\OneDrive - University of Toronto\VS Code Files\Results\Results_Paper_1\GAD_Swollen_No_Pressure_135kvp,GAD,0.166,0.26969547555897433,0.07056106590998767
GAD,GAD,pump_off,Pump off,GAD_OFF_OLD_PAIR,17.499999999999986,C:\Users\brend\OneDrive - University of Toronto\VS Code Files\Results\Results_Paper_1\GAD_Swollen_No_Pressure_135kvp,GAD,0.166,0.2720500453563037,0.07414908028702039
GAD,GAD,pump_off,Pump off,GAD_OFF_OLD_PAIR,17.66666666666665,C:\Users\brend\OneDrive - University of Toronto\VS Code Files\Results\Results_Paper_1\GAD_Swollen_No_Pressure_135kvp,GAD,0.166,0.2743126426673635,0.07749931345709288
GAD,GAD,pump_off,Pump off,GAD_OFF_OLD_PAIR,17.833333333333318,C:\Users\brend\OneDrive - University of Toronto\VS Code Files\Results\Results_Paper_1\GAD_Swollen_No_Pressure_135kvp,GAD,0.166,0.275726091630626,0.07868622292502613
GAD,GAD,pump_off,Pump off,GAD_OFF_OLD_PAIR,17.999999999999986,C:\Users\brend\OneDrive - University of Toronto\VS Code Files\Results\Results_Paper_1\GAD_Swollen_No_Pressure_135kvp,GAD,0.166,0.2768690787686839,0.07945969636168959
GAD,GAD,pump_off,Pump off,GAD_OFF_OLD_PAIR,18.16666666666665,C:\Users\brend\OneDrive - University of Toronto\VS Code Files\Results\Results_Paper_1\GAD_Swollen_No_Pressure_135kvp,GAD,0.166,0.2757869175373214,0.07668958506091753
GAD,GAD,pump_off,Pump off,GAD_OFF_OLD_PAIR,18.333333333333318,C:\Users\brend\OneDrive - University of Toronto\VS Code Files\Results\Results_Paper_1\GAD_Swollen_No_Pressure_135kvp,GAD,0.166,0.27502201979479995,0.07464338201890501
GAD,GAD,pump_off,Pump off,GAD_OFF_OLD_PAIR,18.499999999999982,C:\Users\brend\OneDrive - University of Toronto\VS Code Files\Results\Results_Paper_1\GAD_Swollen_No_Pressure_135kvp,GAD,0.166,0.2770901831978297,0.07905771075591685
GAD,GAD,pump_off,Pump off,GAD_OFF_OLD_PAIR,18.66666666666665,C:\Users\brend\OneDrive - University of Toronto\VS Code Files\Results\Results_Paper_1\GAD_Swollen_No_Pressure_135kvp,GAD,0.166,0.2787818474096011,0.08288650700861959
GAD,GAD,pump_off,Pump off,GAD_OFF_OLD_PAIR,18.833333333333318,C:\Users\brend\OneDrive - University of Toronto\VS Code Files\Results\Results_Paper_1\GAD_Swollen_No_Pressure_135kvp,GAD,0.166,0.2771650555212289,0.08162946143588139
GAD,GAD,pump_off,Pump off,GAD_OFF_OLD_PAIR,18.999999999999982,C:\Users\brend\OneDrive - University of Toronto\VS Code Files\Results\Results_Paper_1\GAD_Swollen_No_Pressure_135kvp,GAD,0.166,0.27621566407957293,0.08089402216198255
GAD,GAD,pump_off,Pump off,GAD_OFF_OLD_PAIR,19.16666666666665,C:\Users\brend\OneDrive - University of Toronto\VS Code Files\Results\Results_Paper_1\GAD_Swollen_No_Pressure_135kvp,GAD,0.166,0.28133871276219613,0.08490377931842125
GAD,GAD,pump_off,Pump off,GAD_OFF_OLD_PAIR,19.333333333333314,C:\Users\brend\OneDrive - University of Toronto\VS Code Files\Results\Results_Paper_1\GAD_Swollen_No_Pressure_135kvp,GAD,0.166,0.28557070982720567,0.08813492093973313
GAD,GAD,pump_off,Pump off,GAD_OFF_OLD_PAIR,19.499999999999982,C:\Users\brend\OneDrive - University of Toronto\VS Code Files\Results\Results_Paper_1\GAD_Swollen_No_Pressure_135kvp,GAD,0.166,0.28307647351065235,0.08536886557151901
GAD,GAD,pump_off,Pump off,GAD_OFF_OLD_PAIR,19.66666666666665,C:\Users\brend\OneDrive - University of Toronto\VS Code Files\Results\Results_Paper_1\GAD_Swollen_No_Pressure_135kvp,GAD,0.166,0.28099178584591356,0.08315754886108605
GAD,GAD,pump_off,Pump off,GAD_OFF_OLD_PAIR,19.833333333333314,C:\Users\brend\OneDrive - University of Toronto\VS Code Files\Results\Results_Paper_1\GAD_Swollen_No_Pressure_135kvp,GAD,0.166,0.2826716652539192,0.08602003516898346
GAD,GAD,pump_off,Pump off,GAD_OFF_OLD_PAIR,19.999999999999982,C:\Users\brend\OneDrive - University of Toronto\VS Code Files\Results\Results_Paper_1\GAD_Swollen_No_Pressure_135kvp,GAD,0.166,0.2842561362333353,0.08845967540014081
GAD,GAD,pump_off,Pump off,GAD_OFF_OLD_PAIR,20.16666666666665,C:\Users\brend\OneDrive - University of Toronto\VS Code Files\Results\Results_Paper_1\GAD_Swollen_No_Pressure_135kvp,GAD,0.166,0.28513801862062454,0.08735990724709765
GAD,GAD,pump_off,Pump off,GAD_OFF_OLD_PAIR,20.333333333333314,C:\Users\brend\OneDrive - University of Toronto\VS Code Files\Results\Results_Paper_1\GAD_Swollen_No_Pressure_135kvp,GAD,0.166,0.2859903644879199,0.08652917240060537
GAD,GAD,pump_off,Pump off,GAD_OFF_OLD_PAIR,20.499999999999982,C:\Users\brend\OneDrive - University of Toronto\VS Code Files\Results\Results_Paper_1\GAD_Swollen_No_Pressure_135kvp,GAD,0.166,0.2865753942077911,0.08811080070755277
GAD,GAD,pump_off,Pump off,GAD_OFF_OLD_PAIR,20.66666666666665,C:\Users\brend\OneDrive - University of Toronto\VS Code Files\Results\Results_Paper_1\GAD_Swollen_No_Pressure_135kvp,GAD,0.166,0.28689660977492265,0.08921756891123021
GAD,GAD,pump_off,Pump off,GAD_OFF_OLD_PAIR,20.833333333333314,C:\Users\brend\OneDrive - University of Toronto\VS Code Files\Results\Results_Paper_1\GAD_Swollen_No_Pressure_135kvp,GAD,0.166,0.28488154814511885,0.0861582737154625
GAD,GAD,pump_off,Pump off,GAD_OFF_OLD_PAIR,20.999999999999982,C:\Users\brend\OneDrive - University of Toronto\VS Code Files\Results\Results_Paper_1\GAD_Swollen_No_Pressure_135kvp,GAD,0.166,0.2832148730801216,0.08345491675393044
GAD,GAD,pump_off,Pump off,GAD_OFF_OLD_PAIR,21.166666666666647,C:\Users\brend\OneDrive - University of Toronto\VS Code Files\Results\Results_Paper_1\GAD_Swollen_No_Pressure_135kvp,GAD,0.166,0.28473952613204584,0.08404820906520709
GAD,GAD,pump_off,Pump off,GAD_OFF_OLD_PAIR,21.333333333333314,C:\Users\brend\OneDrive - University of Toronto\VS Code Files\Results\Results_Paper_1\GAD_Swollen_No_Pressure_135kvp,GAD,0.166,0.28612533202859913,0.08473404795711137
GAD,GAD,pump_off,Pump off,GAD_OFF_OLD_PAIR,21.499999999999982,C:\Users\brend\OneDrive - University of Toronto\VS Code Files\Results\Results_Paper_1\GAD_Swollen_No_Pressure_135kvp,GAD,0.166,0.2863762154711074,0.08629668998167368
GAD,GAD,pump_off,Pump off,GAD_OFF_OLD_PAIR,21.666666666666647,C:\Users\brend\OneDrive - University of Toronto\VS Code Files\Results\Results_Paper_1\GAD_Swollen_No_Pressure_135kvp,GAD,0.166,0.286751471956244,0.08784294394296063
GAD,GAD,pump_off,Pump off,GAD_OFF_OLD_PAIR,21.833333333333314,C:\Users\brend\OneDrive - University of Toronto\VS Code Files\Results\Results_Paper_1\GAD_Swollen_No_Pressure_135kvp,GAD,0.166,0.2882422323850736,0.08924862054129865
GAD,GAD,pump_off,Pump off,GAD_OFF_OLD_PAIR,21.98333333333333,C:\Users\brend\OneDrive - University of Toronto\VS Code Files\Results\Results_Paper_1\GAD_Swollen_No_Pressure_135kvp,GAD,0.166,0.28957488837162343,0.09050521636830135
GAD,GAD,pump_on,Pump on,GAD_ON_OLD_PAIR,0.0,C:\Users\brend\OneDrive - University of Toronto\VS Code Files\Results\Results_Paper_1\GAD_Pressure_Test_Global_Shared_V,GAD_Darcy_Fixed_V,0.166,0.2184822611795714,0.09267790856484966
GAD,GAD,pump_on,Pump on,GAD_ON_OLD_PAIR,0.16666666666666652,C:\Users\brend\OneDrive - University of Toronto\VS Code Files\Results\Results_Paper_1\GAD_Pressure_Test_Global_Shared_V,GAD_Darcy_Fixed_V,0.166,0.22323177648940118,0.08412568567242222
GAD,GAD,pump_on,Pump on,GAD_ON_OLD_PAIR,0.33333333333333304,C:\Users\brend\OneDrive - University of Toronto\VS Code Files\Results\Results_Paper_1\GAD_Pressure_Test_Global_Shared_V,GAD_Darcy_Fixed_V,0.166,0.20165652428800152,0.06872700707004933
GAD,GAD,pump_on,Pump on,GAD_ON_OLD_PAIR,0.49999999999999956,C:\Users\brend\OneDrive - University of Toronto\VS Code Files\Results\Results_Paper_1\GAD_Pressure_Test_Global_Shared_V,GAD_Darcy_Fixed_V,0.166,0.20589996045549075,0.06877211542333114
GAD,GAD,pump_on,Pump on,GAD_ON_OLD_PAIR,0.6666666666666661,C:\Users\brend\OneDrive - University of Toronto\VS Code Files\Results\Results_Paper_1\GAD_Pressure_Test_Global_Shared_V,GAD_Darcy_Fixed_V,0.166,0.21540134451213222,0.08026474865743563
GAD,GAD,pump_on,Pump on,GAD_ON_OLD_PAIR,0.8333333333333326,C:\Users\brend\OneDrive - University of Toronto\VS Code Files\Results\Results_Paper_1\GAD_Pressure_Test_Global_Shared_V,GAD_Darcy_Fixed_V,0.166,0.212941365959969,0.0851569674195162
GAD,GAD,pump_on,Pump on,GAD_ON_OLD_PAIR,0.9999999999999991,C:\Users\brend\OneDrive - University of Toronto\VS Code Files\Results\Results_Paper_1\GAD_Pressure_Test_Global_Shared_V,GAD_Darcy_Fixed_V,0.166,0.20980368735667781,0.0709178907936257
GAD,GAD,pump_on,Pump on,GAD_ON_OLD_PAIR,1.1666666666666656,C:\Users\brend\OneDrive - University of Toronto\VS Code Files\Results\Results_Paper_1\GAD_Pressure_Test_Global_Shared_V,GAD_Darcy_Fixed_V,0.166,0.19812036542006345,0.06267592729918436
GAD,GAD,pump_on,Pump on,GAD_ON_OLD_PAIR,1.3333333333333321,C:\Users\brend\OneDrive - University of Toronto\VS Code Files\Results\Results_Paper_1\GAD_Pressure_Test_Global_Shared_V,GAD_Darcy_Fixed_V,0.166,0.21131880063581154,0.07453620869099407
GAD,GAD,pump_on,Pump on,GAD_ON_OLD_PAIR,1.4999999999999987,C:\Users\brend\OneDrive - University of Toronto\VS Code Files\Results\Results_Paper_1\GAD_Pressure_Test_Global_Shared_V,GAD_Darcy_Fixed_V,0.166,0.20796351356346024,0.07304371244563254
GAD,GAD,pump_on,Pump on,GAD_ON_OLD_PAIR,1.6666666666666652,C:\Users\brend\OneDrive - University of Toronto\VS Code Files\Results\Results_Paper_1\GAD_Pressure_Test_Global_Shared_V,GAD_Darcy_Fixed_V,0.166,0.21424970338495172,0.07237734600227197
GAD,GAD,pump_on,Pump on,GAD_ON_OLD_PAIR,1.8333333333333317,C:\Users\brend\OneDrive - University of Toronto\VS Code Files\Results\Results_Paper_1\GAD_Pressure_Test_Global_Shared_V,GAD_Darcy_Fixed_V,0.166,0.19913195253379046,0.05320568915743548
GAD,GAD,pump_on,Pump on,GAD_ON_OLD_PAIR,1.9999999999999982,C:\Users\brend\OneDrive - University of Toronto\VS Code Files\Results\Results_Paper_1\GAD_Pressure_Test_Global_Shared_V,GAD_Darcy_Fixed_V,0.166,0.21751897542084475,0.07370662790140975
GAD,GAD,pump_on,Pump on,GAD_ON_OLD_PAIR,2.1666666666666647,C:\Users\brend\OneDrive - University of Toronto\VS Code Files\Results\Results_Paper_1\GAD_Pressure_Test_Global_Shared_V,GAD_Darcy_Fixed_V,0.166,0.20771693383386028,0.06128476187279718
GAD,GAD,pump_on,Pump on,GAD_ON_OLD_PAIR,2.3333333333333313,C:\Users\brend\OneDrive - University of Toronto\VS Code Files\Results\Results_Paper_1\GAD_Pressure_Test_Global_Shared_V,GAD_Darcy_Fixed_V,0.166,0.19780484498711942,0.04872343588521797
GAD,GAD,pump_on,Pump on,GAD_ON_OLD_PAIR,2.499999999999998,C:\Users\brend\OneDrive - University of Toronto\VS Code Files\Results\Results_Paper_1\GAD_Pressure_Test_Global_Shared_V,GAD_Darcy_Fixed_V,0.166,0.20700978248675833,0.059812466691972724
GAD,GAD,pump_on,Pump on,GAD_ON_OLD_PAIR,2.6666666666666643,C:\Users\brend\OneDrive - University of Toronto\VS Code Files\Results\Results_Paper_1\GAD_Pressure_Test_Global_Shared_V,GAD_Darcy_Fixed_V,0.166,0.21588143446545596,0.07049999413063748
GAD,GAD,pump_on,Pump on,GAD_ON_OLD_PAIR,2.833333333333331,C:\Users\brend\OneDrive - University of Toronto\VS Code Files\Results\Results_Paper_1\GAD_Pressure_Test_Global_Shared_V,GAD_Darcy_Fixed_V,0.166,0.21513147619688291,0.07016528368961118
GAD,GAD,pump_on,Pump on,GAD_ON_OLD_PAIR,2.9999999999999973,C:\Users\brend\OneDrive - University of Toronto\VS Code Files\Results\Results_Paper_1\GAD_Pressure_Test_Global_Shared_V,GAD_Darcy_Fixed_V,0.166,0.21439472694741696,0.06983646850542265
GAD,GAD,pump_on,Pump on,GAD_ON_OLD_PAIR,3.166666666666664,C:\Users\brend\OneDrive - University of Toronto\VS Code Files\Results\Results_Paper_1\GAD_Pressure_Test_Global_Shared_V,GAD_Darcy_Fixed_V,0.166,0.2143190625767374,0.06840175007283807
GAD,GAD,pump_on,Pump on,GAD_ON_OLD_PAIR,3.3333333333333304,C:\Users\brend\OneDrive - University of Toronto\VS Code Files\Results\Results_Paper_1\GAD_Pressure_Test_Global_Shared_V,GAD_Darcy_Fixed_V,0.166,0.21424364624772013,0.06697173490999475
GAD,GAD,pump_on,Pump on,GAD_ON_OLD_PAIR,3.499999999999997,C:\Users\brend\OneDrive - University of Toronto\VS Code Files\Results\Results_Paper_1\GAD_Pressure_Test_Global_Shared_V,GAD_Darcy_Fixed_V,0.166,0.21453774468283995,0.060429247335492715
GAD,GAD,pump_on,Pump on,GAD_ON_OLD_PAIR,3.6666666666666634,C:\Users\brend\OneDrive - University of Toronto\VS Code Files\Results\Results_Paper_1\GAD_Pressure_Test_Global_Shared_V,GAD_Darcy_Fixed_V,0.166,0.21481944062133085,0.05416266459555345
GAD,GAD,pump_on,Pump on,GAD_ON_OLD_PAIR,3.83333333333333,C:\Users\brend\OneDrive - University of Toronto\VS Code Files\Results\Results_Paper_1\GAD_Pressure_Test_Global_Shared_V,GAD_Darcy_Fixed_V,0.166,0.21571215641235553,0.057855812433690916
GAD,GAD,pump_on,Pump on,GAD_ON_OLD_PAIR,3.9999999999999964,C:\Users\brend\OneDrive - University of Toronto\VS Code Files\Results\Results_Paper_1\GAD_Pressure_Test_Global_Shared_V,GAD_Darcy_Fixed_V,0.166,0.21661092428974685,0.061573997635237826
GAD,GAD,pump_on,Pump on,GAD_ON_OLD_PAIR,4.1666666666666625,C:\Users\brend\OneDrive - University of Toronto\VS Code Files\Results\Results_Paper_1\GAD_Pressure_Test_Global_Shared_V,GAD_Darcy_Fixed_V,0.166,0.22150316122048752,0.06803766768476724
GAD,GAD,pump_on,Pump on,GAD_ON_OLD_PAIR,4.3333333333333295,C:\Users\brend\OneDrive - University of Toronto\VS Code Files\Results\Results_Paper_1\GAD_Pressure_Test_Global_Shared_V,GAD_Darcy_Fixed_V,0.166,0.22626603037640636,0.07433041579749598
GAD,GAD,pump_on,Pump on,GAD_ON_OLD_PAIR,4.4999999999999964,C:\Users\brend\OneDrive - University of Toronto\VS Code Files\Results\Results_Paper_1\GAD_Pressure_Test_Global_Shared_V,GAD_Darcy_Fixed_V,0.166,0.22268560951656735,0.07107411760282126
GAD,GAD,pump_on,Pump on,GAD_ON_OLD_PAIR,4.6666666666666625,C:\Users\brend\OneDrive - University of Toronto\VS Code Files\Results\Results_Paper_1\GAD_Pressure_Test_Global_Shared_V,GAD_Darcy_Fixed_V,0.166,0.21910436424897162,0.06781706963106854
GAD,GAD,pump_on,Pump on,GAD_ON_OLD_PAIR,4.833333333333329,C:\Users\brend\OneDrive - University of Toronto\VS Code Files\Results\Results_Paper_1\GAD_Pressure_Test_Global_Shared_V,GAD_Darcy_Fixed_V,0.166,0.21818895955804934,0.0614937443064822
GAD,GAD,pump_on,Pump on,GAD_ON_OLD_PAIR,4.999999999999996,C:\Users\brend\OneDrive - University of Toronto\VS Code Files\Results\Results_Paper_1\GAD_Pressure_Test_Global_Shared_V,GAD_Darcy_Fixed_V,0.166,0.21729988243812462,0.055352281493716134
GAD,GAD,pump_on,Pump on,GAD_ON_OLD_PAIR,5.1666666666666625,C:\Users\brend\OneDrive - University of Toronto\VS Code Files\Results\Results_Paper_1\GAD_Pressure_Test_Global_Shared_V,GAD_Darcy_Fixed_V,0.166,0.21795683479331,0.059234427943201565
GAD,GAD,pump_on,Pump on,GAD_ON_OLD_PAIR,5.333333333333329,C:\Users\brend\OneDrive - University of Toronto\VS Code Files\Results\Results_Paper_1\GAD_Pressure_Test_Global_Shared_V,GAD_Darcy_Fixed_V,0.166,0.21861669034765274,0.06313373034655821
GAD,GAD,pump_on,Pump on,GAD_ON_OLD_PAIR,5.499999999999995,C:\Users\brend\OneDrive - University of Toronto\VS Code Files\Results\Results_Paper_1\GAD_Pressure_Test_Global_Shared_V,GAD_Darcy_Fixed_V,0.166,0.22041522615065814,0.06192110358064057
GAD,GAD,pump_on,Pump on,GAD_ON_OLD_PAIR,5.666666666666662,C:\Users\brend\OneDrive - University of Toronto\VS Code Files\Results\Results_Paper_1\GAD_Pressure_Test_Global_Shared_V,GAD_Darcy_Fixed_V,0.166,0.22217822856768316,0.06073243448898846
GAD,GAD,pump_on,Pump on,GAD_ON_OLD_PAIR,5.833333333333329,C:\Users\brend\OneDrive - University of Toronto\VS Code Files\Results\Results_Paper_1\GAD_Pressure_Test_Global_Shared_V,GAD_Darcy_Fixed_V,0.166,0.22605300081227622,0.06405093580819057
GAD,GAD,pump_on,Pump on,GAD_ON_OLD_PAIR,5.999999999999995,C:\Users\brend\OneDrive - University of Toronto\VS Code Files\Results\Results_Paper_1\GAD_Pressure_Test_Global_Shared_V,GAD_Darcy_Fixed_V,0.166,0.2297898940172332,0.06725135230948862
GAD,GAD,pump_on,Pump on,GAD_ON_OLD_PAIR,6.166666666666661,C:\Users\brend\OneDrive - University of Toronto\VS Code Files\Results\Results_Paper_1\GAD_Pressure_Test_Global_Shared_V,GAD_Darcy_Fixed_V,0.166,0.2274534014395283,0.06431819587953667
GAD,GAD,pump_on,Pump on,GAD_ON_OLD_PAIR,6.333333333333328,C:\Users\brend\OneDrive - University of Toronto\VS Code Files\Results\Results_Paper_1\GAD_Pressure_Test_Global_Shared_V,GAD_Darcy_Fixed_V,0.166,0.2251228254923455,0.061392466994198126
GAD,GAD,pump_on,Pump on,GAD_ON_OLD_PAIR,6.499999999999995,C:\Users\brend\OneDrive - University of Toronto\VS Code Files\Results\Results_Paper_1\GAD_Pressure_Test_Global_Shared_V,GAD_Darcy_Fixed_V,0.166,0.2244263597958079,0.05784535158309354
GAD,GAD,pump_on,Pump on,GAD_ON_OLD_PAIR,6.666666666666661,C:\Users\brend\OneDrive - University of Toronto\VS Code Files\Results\Results_Paper_1\GAD_Pressure_Test_Global_Shared_V,GAD_Darcy_Fixed_V,0.166,0.2237335396909326,0.05431680325207916
GAD,GAD,pump_on,Pump on,GAD_ON_OLD_PAIR,6.833333333333327,C:\Users\brend\OneDrive - University of Toronto\VS Code Files\Results\Results_Paper_1\GAD_Pressure_Test_Global_Shared_V,GAD_Darcy_Fixed_V,0.166,0.2222522666475347,0.052434652741735796
GAD,GAD,pump_on,Pump on,GAD_ON_OLD_PAIR,6.999999999999994,C:\Users\brend\OneDrive - University of Toronto\VS Code Files\Results\Results_Paper_1\GAD_Pressure_Test_Global_Shared_V,GAD_Darcy_Fixed_V,0.166,0.2207837218021745,0.05056867506633286
GAD,GAD,pump_on,Pump on,GAD_ON_OLD_PAIR,7.166666666666661,C:\Users\brend\OneDrive - University of Toronto\VS Code Files\Results\Results_Paper_1\GAD_Pressure_Test_Global_Shared_V,GAD_Darcy_Fixed_V,0.166,0.22702143164002203,0.05545331643781681
GAD,GAD,pump_on,Pump on,GAD_ON_OLD_PAIR,7.333333333333327,C:\Users\brend\OneDrive - University of Toronto\VS Code Files\Results\Results_Paper_1\GAD_Pressure_Test_Global_Shared_V,GAD_Darcy_Fixed_V,0.166,0.2330686850021931,0.06018881467748796
GAD,GAD,pump_on,Pump on,GAD_ON_OLD_PAIR,7.499999999999993,C:\Users\brend\OneDrive - University of Toronto\VS Code Files\Results\Results_Paper_1\GAD_Pressure_Test_Global_Shared_V,GAD_Darcy_Fixed_V,0.166,0.22637419828575842,0.0543478737061867
GAD,GAD,pump_on,Pump on,GAD_ON_OLD_PAIR,7.66666666666666,C:\Users\brend\OneDrive - University of Toronto\VS Code Files\Results\Results_Paper_1\GAD_Pressure_Test_Global_Shared_V,GAD_Darcy_Fixed_V,0.166,0.219635291556665,0.04846817626514038
GAD,GAD,pump_on,Pump on,GAD_ON_OLD_PAIR,7.833333333333327,C:\Users\brend\OneDrive - University of Toronto\VS Code Files\Results\Results_Paper_1\GAD_Pressure_Test_Global_Shared_V,GAD_Darcy_Fixed_V,0.166,0.23039443664689918,0.05876658742204771
GAD,GAD,pump_on,Pump on,GAD_ON_OLD_PAIR,7.999999999999993,C:\Users\brend\OneDrive - University of Toronto\VS Code Files\Results\Results_Paper_1\GAD_Pressure_Test_Global_Shared_V,GAD_Darcy_Fixed_V,0.166,0.24084112542193886,0.06876592243717437
GAD,GAD,pump_on,Pump on,GAD_ON_OLD_PAIR,8.166666666666659,C:\Users\brend\OneDrive - University of Toronto\VS Code Files\Results\Results_Paper_1\GAD_Pressure_Test_Global_Shared_V,GAD_Darcy_Fixed_V,0.166,0.23656826991001886,0.06288493228418535
GAD,GAD,pump_on,Pump on,GAD_ON_OLD_PAIR,8.333333333333325,C:\Users\brend\OneDrive - University of Toronto\VS Code Files\Results\Results_Paper_1\GAD_Pressure_Test_Global_Shared_V,GAD_Darcy_Fixed_V,0.166,0.23229766036172278,0.057007033387130424
GAD,GAD,pump_on,Pump on,GAD_ON_OLD_PAIR,8.499999999999993,C:\Users\brend\OneDrive - University of Toronto\VS Code Files\Results\Results_Paper_1\GAD_Pressure_Test_Global_Shared_V,GAD_Darcy_Fixed_V,0.166,0.23387502142894914,0.06092921905859994
GAD,GAD,pump_on,Pump on,GAD_ON_OLD_PAIR,8.666666666666659,C:\Users\brend\OneDrive - University of Toronto\VS Code Files\Results\Results_Paper_1\GAD_Pressure_Test_Global_Shared_V,GAD_Darcy_Fixed_V,0.166,0.2354527129072647,0.06485222631345115
GAD,GAD,pump_on,Pump on,GAD_ON_OLD_PAIR,8.833333333333325,C:\Users\brend\OneDrive - University of Toronto\VS Code Files\Results\Results_Paper_1\GAD_Pressure_Test_Global_Shared_V,GAD_Darcy_Fixed_V,0.166,0.23596073336270537,0.0633354415263141
GAD,GAD,pump_on,Pump on,GAD_ON_OLD_PAIR,8.999999999999993,C:\Users\brend\OneDrive - University of Toronto\VS Code Files\Results\Results_Paper_1\GAD_Pressure_Test_Global_Shared_V,GAD_Darcy_Fixed_V,0.166,0.23646326877153365,0.06183503331450784
GAD,GAD,pump_on,Pump on,GAD_ON_OLD_PAIR,9.166666666666659,C:\Users\brend\OneDrive - University of Toronto\VS Code Files\Results\Results_Paper_1\GAD_Pressure_Test_Global_Shared_V,GAD_Darcy_Fixed_V,0.166,0.23638411704083997,0.061444227626740476
GAD,GAD,pump_on,Pump on,GAD_ON_OLD_PAIR,9.333333333333325,C:\Users\brend\OneDrive - University of Toronto\VS Code Files\Results\Results_Paper_1\GAD_Pressure_Test_Global_Shared_V,GAD_Darcy_Fixed_V,0.166,0.23630754714444888,0.06106616955069926
GAD,GAD,pump_on,Pump on,GAD_ON_OLD_PAIR,9.499999999999991,C:\Users\brend\OneDrive - University of Toronto\VS Code Files\Results\Results_Paper_1\GAD_Pressure_Test_Global_Shared_V,GAD_Darcy_Fixed_V,0.166,0.23505195170071785,0.058904160720589675
GAD,GAD,pump_on,Pump on,GAD_ON_OLD_PAIR,9.666666666666657,C:\Users\brend\OneDrive - University of Toronto\VS Code Files\Results\Results_Paper_1\GAD_Pressure_Test_Global_Shared_V,GAD_Darcy_Fixed_V,0.166,0.2337710681460627,0.05669860831170407
GAD,GAD,pump_on,Pump on,GAD_ON_OLD_PAIR,9.833333333333325,C:\Users\brend\OneDrive - University of Toronto\VS Code Files\Results\Results_Paper_1\GAD_Pressure_Test_Global_Shared_V,GAD_Darcy_Fixed_V,0.166,0.23694512344067034,0.05926255796077268
GAD,GAD,pump_on,Pump on,GAD_ON_OLD_PAIR,9.999999999999991,C:\Users\brend\OneDrive - University of Toronto\VS Code Files\Results\Results_Paper_1\GAD_Pressure_Test_Global_Shared_V,GAD_Darcy_Fixed_V,0.166,0.24009169795395469,0.06180430908678794
GAD,GAD,pump_on,Pump on,GAD_ON_OLD_PAIR,10.166666666666657,C:\Users\brend\OneDrive - University of Toronto\VS Code Files\Results\Results_Paper_1\GAD_Pressure_Test_Global_Shared_V,GAD_Darcy_Fixed_V,0.166,0.24156369797410518,0.06270175870128593
GAD,GAD,pump_on,Pump on,GAD_ON_OLD_PAIR,10.333333333333325,C:\Users\brend\OneDrive - University of Toronto\VS Code Files\Results\Results_Paper_1\GAD_Pressure_Test_Global_Shared_V,GAD_Darcy_Fixed_V,0.166,0.2430057798481792,0.06358096780743108
GAD,GAD,pump_on,Pump on,GAD_ON_OLD_PAIR,10.499999999999991,C:\Users\brend\OneDrive - University of Toronto\VS Code Files\Results\Results_Paper_1\GAD_Pressure_Test_Global_Shared_V,GAD_Darcy_Fixed_V,0.166,0.24380859123679427,0.06550936555298903
GAD,GAD,pump_on,Pump on,GAD_ON_OLD_PAIR,10.666666666666657,C:\Users\brend\OneDrive - University of Toronto\VS Code Files\Results\Results_Paper_1\GAD_Pressure_Test_Global_Shared_V,GAD_Darcy_Fixed_V,0.166,0.2446095812916918,0.06743338835334246
GAD,GAD,pump_on,Pump on,GAD_ON_OLD_PAIR,10.833333333333323,C:\Users\brend\OneDrive - University of Toronto\VS Code Files\Results\Results_Paper_1\GAD_Pressure_Test_Global_Shared_V,GAD_Darcy_Fixed_V,0.166,0.24125160132608017,0.06370258109331339
GAD,GAD,pump_on,Pump on,GAD_ON_OLD_PAIR,10.99999999999999,C:\Users\brend\OneDrive - University of Toronto\VS Code Files\Results\Results_Paper_1\GAD_Pressure_Test_Global_Shared_V,GAD_Darcy_Fixed_V,0.166,0.23789097650071675,0.05996883532201718
GAD,GAD,pump_on,Pump on,GAD_ON_OLD_PAIR,11.166666666666657,C:\Users\brend\OneDrive - University of Toronto\VS Code Files\Results\Results_Paper_1\GAD_Pressure_Test_Global_Shared_V,GAD_Darcy_Fixed_V,0.166,0.2412713713619517,0.061311631426486324
GAD,GAD,pump_on,Pump on,GAD_ON_OLD_PAIR,11.333333333333323,C:\Users\brend\OneDrive - University of Toronto\VS Code Files\Results\Results_Paper_1\GAD_Pressure_Test_Global_Shared_V,GAD_Darcy_Fixed_V,0.166,0.24459551942358662,0.0626320845839059
GAD,GAD,pump_on,Pump on,GAD_ON_OLD_PAIR,11.49999999999999,C:\Users\brend\OneDrive - University of Toronto\VS Code Files\Results\Results_Paper_1\GAD_Pressure_Test_Global_Shared_V,GAD_Darcy_Fixed_V,0.166,0.24824183344398176,0.06946813439040847
GAD,GAD,pump_on,Pump on,GAD_ON_OLD_PAIR,11.666666666666657,C:\Users\brend\OneDrive - University of Toronto\VS Code Files\Results\Results_Paper_1\GAD_Pressure_Test_Global_Shared_V,GAD_Darcy_Fixed_V,0.166,0.25185131568796965,0.07623513258573
GAD,GAD,pump_on,Pump on,GAD_ON_OLD_PAIR,11.833333333333323,C:\Users\brend\OneDrive - University of Toronto\VS Code Files\Results\Results_Paper_1\GAD_Pressure_Test_Global_Shared_V,GAD_Darcy_Fixed_V,0.166,0.24786957141929286,0.0682320740060613
GAD,GAD,pump_on,Pump on,GAD_ON_OLD_PAIR,11.99999999999999,C:\Users\brend\OneDrive - University of Toronto\VS Code Files\Results\Results_Paper_1\GAD_Pressure_Test_Global_Shared_V,GAD_Darcy_Fixed_V,0.166,0.24393254483790766,0.060318895199374986
GAD,GAD,pump_on,Pump on,GAD_ON_OLD_PAIR,12.166666666666655,C:\Users\brend\OneDrive - University of Toronto\VS Code Files\Results\Results_Paper_1\GAD_Pressure_Test_Global_Shared_V,GAD_Darcy_Fixed_V,0.166,0.24637151947221433,0.06426206596331811
GAD,GAD,pump_on,Pump on,GAD_ON_OLD_PAIR,12.333333333333321,C:\Users\brend\OneDrive - University of Toronto\VS Code Files\Results\Results_Paper_1\GAD_Pressure_Test_Global_Shared_V,GAD_Darcy_Fixed_V,0.166,0.24880172889370344,0.06819106571849569
GAD,GAD,pump_on,Pump on,GAD_ON_OLD_PAIR,12.49999999999999,C:\Users\brend\OneDrive - University of Toronto\VS Code Files\Results\Results_Paper_1\GAD_Pressure_Test_Global_Shared_V,GAD_Darcy_Fixed_V,0.166,0.2486930116365842,0.06656422295903927
GAD,GAD,pump_on,Pump on,GAD_ON_OLD_PAIR,12.666666666666655,C:\Users\brend\OneDrive - University of Toronto\VS Code Files\Results\Results_Paper_1\GAD_Pressure_Test_Global_Shared_V,GAD_Darcy_Fixed_V,0.166,0.2485852904468124,0.06495228533051849
GAD,GAD,pump_on,Pump on,GAD_ON_OLD_PAIR,12.833333333333321,C:\Users\brend\OneDrive - University of Toronto\VS Code Files\Results\Results_Paper_1\GAD_Pressure_Test_Global_Shared_V,GAD_Darcy_Fixed_V,0.166,0.25032231269071104,0.06773842206749833
GAD,GAD,pump_on,Pump on,GAD_ON_OLD_PAIR,12.99999999999999,C:\Users\brend\OneDrive - University of Toronto\VS Code Files\Results\Results_Paper_1\GAD_Pressure_Test_Global_Shared_V,GAD_Darcy_Fixed_V,0.166,0.2520664760674016,0.07053601298849088
GAD,GAD,pump_on,Pump on,GAD_ON_OLD_PAIR,13.166666666666655,C:\Users\brend\OneDrive - University of Toronto\VS Code Files\Results\Results_Paper_1\GAD_Pressure_Test_Global_Shared_V,GAD_Darcy_Fixed_V,0.166,0.24696966110239024,0.06388824805460276
GAD,GAD,pump_on,Pump on,GAD_ON_OLD_PAIR,13.333333333333321,C:\Users\brend\OneDrive - University of Toronto\VS Code Files\Results\Results_Paper_1\GAD_Pressure_Test_Global_Shared_V,GAD_Darcy_Fixed_V,0.166,0.24185509859255144,0.057217335035689786
GAD,GAD,pump_on,Pump on,GAD_ON_OLD_PAIR,13.499999999999988,C:\Users\brend\OneDrive - University of Toronto\VS Code Files\Results\Results_Paper_1\GAD_Pressure_Test_Global_Shared_V,GAD_Darcy_Fixed_V,0.166,0.2474865786871706,0.0641552243947599
GAD,GAD,pump_on,Pump on,GAD_ON_OLD_PAIR,13.666666666666654,C:\Users\brend\OneDrive - University of Toronto\VS Code Files\Results\Results_Paper_1\GAD_Pressure_Test_Global_Shared_V,GAD_Darcy_Fixed_V,0.166,0.25298487228282374,0.0709290302130162
GAD,GAD,pump_on,Pump on,GAD_ON_OLD_PAIR,13.833333333333321,C:\Users\brend\OneDrive - University of Toronto\VS Code Files\Results\Results_Paper_1\GAD_Pressure_Test_Global_Shared_V,GAD_Darcy_Fixed_V,0.166,0.2515175980356375,0.06805753643213935
GAD,GAD,pump_on,Pump on,GAD_ON_OLD_PAIR,13.999999999999988,C:\Users\brend\OneDrive - University of Toronto\VS Code Files\Results\Results_Paper_1\GAD_Pressure_Test_Global_Shared_V,GAD_Darcy_Fixed_V,0.166,0.25006036398888826,0.0652056915840844
GAD,GAD,pump_on,Pump on,GAD_ON_OLD_PAIR,14.166666666666654,C:\Users\brend\OneDrive - University of Toronto\VS Code Files\Results\Results_Paper_1\GAD_Pressure_Test_Global_Shared_V,GAD_Darcy_Fixed_V,0.166,0.25359750068236964,0.0690567628701429
GAD,GAD,pump_on,Pump on,GAD_ON_OLD_PAIR,14.333333333333321,C:\Users\brend\OneDrive - University of Toronto\VS Code Files\Results\Results_Paper_1\GAD_Pressure_Test_Global_Shared_V,GAD_Darcy_Fixed_V,0.166,0.25706359238711474,0.07283048364932254
GAD,GAD,pump_on,Pump on,GAD_ON_OLD_PAIR,14.499999999999988,C:\Users\brend\OneDrive - University of Toronto\VS Code Files\Results\Results_Paper_1\GAD_Pressure_Test_Global_Shared_V,GAD_Darcy_Fixed_V,0.166,0.25540812759760545,0.07036244301665624
GAD,GAD,pump_on,Pump on,GAD_ON_OLD_PAIR,14.666666666666654,C:\Users\brend\OneDrive - University of Toronto\VS Code Files\Results\Results_Paper_1\GAD_Pressure_Test_Global_Shared_V,GAD_Darcy_Fixed_V,0.166,0.25373156980442363,0.06786295599475899
GAD,GAD,pump_on,Pump on,GAD_ON_OLD_PAIR,14.83333333333332,C:\Users\brend\OneDrive - University of Toronto\VS Code Files\Results\Results_Paper_1\GAD_Pressure_Test_Global_Shared_V,GAD_Darcy_Fixed_V,0.166,0.253607631299142,0.06785282392642013
GAD,GAD,pump_on,Pump on,GAD_ON_OLD_PAIR,14.999999999999986,C:\Users\brend\OneDrive - University of Toronto\VS Code Files\Results\Results_Paper_1\GAD_Pressure_Test_Global_Shared_V,GAD_Darcy_Fixed_V,0.166,0.2534844440372824,0.06784275327281025
GAD,GAD,pump_on,Pump on,GAD_ON_OLD_PAIR,15.166666666666654,C:\Users\brend\OneDrive - University of Toronto\VS Code Files\Results\Results_Paper_1\GAD_Pressure_Test_Global_Shared_V,GAD_Darcy_Fixed_V,0.166,0.25675085929060776,0.06976970793310194
GAD,GAD,pump_on,Pump on,GAD_ON_OLD_PAIR,15.33333333333332,C:\Users\brend\OneDrive - University of Toronto\VS Code Files\Results\Results_Paper_1\GAD_Pressure_Test_Global_Shared_V,GAD_Darcy_Fixed_V,0.166,0.25993983505058366,0.07165097875315052
GAD,GAD,pump_on,Pump on,GAD_ON_OLD_PAIR,15.499999999999986,C:\Users\brend\OneDrive - University of Toronto\VS Code Files\Results\Results_Paper_1\GAD_Pressure_Test_Global_Shared_V,GAD_Darcy_Fixed_V,0.166,0.2609955903789889,0.07364739993715827
GAD,GAD,pump_on,Pump on,GAD_ON_OLD_PAIR,15.666666666666654,C:\Users\brend\OneDrive - University of Toronto\VS Code Files\Results\Results_Paper_1\GAD_Pressure_Test_Global_Shared_V,GAD_Darcy_Fixed_V,0.166,0.26204452292952546,0.07563091932668389
GAD,GAD,pump_on,Pump on,GAD_ON_OLD_PAIR,15.83333333333332,C:\Users\brend\OneDrive - University of Toronto\VS Code Files\Results\Results_Paper_1\GAD_Pressure_Test_Global_Shared_V,GAD_Darcy_Fixed_V,0.166,0.26309309347604076,0.07681170828857883
GAD,GAD,pump_on,Pump on,GAD_ON_OLD_PAIR,15.999999999999986,C:\Users\brend\OneDrive - University of Toronto\VS Code Files\Results\Results_Paper_1\GAD_Pressure_Test_Global_Shared_V,GAD_Darcy_Fixed_V,0.166,0.26413049364338,0.07797991835392254
GAD,GAD,pump_on,Pump on,GAD_ON_OLD_PAIR,16.166666666666654,C:\Users\brend\OneDrive - University of Toronto\VS Code Files\Results\Results_Paper_1\GAD_Pressure_Test_Global_Shared_V,GAD_Darcy_Fixed_V,0.166,0.26043597367000765,0.07267705046206993
GAD,GAD,pump_on,Pump on,GAD_ON_OLD_PAIR,16.333333333333318,C:\Users\brend\OneDrive - University of Toronto\VS Code Files\Results\Results_Paper_1\GAD_Pressure_Test_Global_Shared_V,GAD_Darcy_Fixed_V,0.166,0.2567042293267527,0.06732075318906168
GAD,GAD,pump_on,Pump on,GAD_ON_OLD_PAIR,16.499999999999986,C:\Users\brend\OneDrive - University of Toronto\VS Code Files\Results\Results_Paper_1\GAD_Pressure_Test_Global_Shared_V,GAD_Darcy_Fixed_V,0.166,0.2579896593161213,0.0679897786268119
GAD,GAD,pump_on,Pump on,GAD_ON_OLD_PAIR,16.66666666666665,C:\Users\brend\OneDrive - University of Toronto\VS Code Files\Results\Results_Paper_1\GAD_Pressure_Test_Global_Shared_V,GAD_Darcy_Fixed_V,0.166,0.25926002522348546,0.06865096368885884
GAD,GAD,pump_on,Pump on,GAD_ON_OLD_PAIR,16.833333333333318,C:\Users\brend\OneDrive - University of Toronto\VS Code Files\Results\Results_Paper_1\GAD_Pressure_Test_Global_Shared_V,GAD_Darcy_Fixed_V,0.166,0.2596049127475942,0.06798749601086584
GAD,GAD,pump_on,Pump on,GAD_ON_OLD_PAIR,16.999999999999986,C:\Users\brend\OneDrive - University of Toronto\VS Code Files\Results\Results_Paper_1\GAD_Pressure_Test_Global_Shared_V,GAD_Darcy_Fixed_V,0.166,0.25994349403440115,0.06733615977958222
GAD,GAD,pump_on,Pump on,GAD_ON_OLD_PAIR,17.16666666666665,C:\Users\brend\OneDrive - University of Toronto\VS Code Files\Results\Results_Paper_1\GAD_Pressure_Test_Global_Shared_V,GAD_Darcy_Fixed_V,0.166,0.261520698256587,0.0707223007538079
GAD,GAD,pump_on,Pump on,GAD_ON_OLD_PAIR,17.333333333333318,C:\Users\brend\OneDrive - University of Toronto\VS Code Files\Results\Results_Paper_1\GAD_Pressure_Test_Global_Shared_V,GAD_Darcy_Fixed_V,0.166,0.26310760532728594,0.0741292730271482
GAD,GAD,pump_on,Pump on,GAD_ON_OLD_PAIR,17.499999999999986,C:\Users\brend\OneDrive - University of Toronto\VS Code Files\Results\Results_Paper_1\GAD_Pressure_Test_Global_Shared_V,GAD_Darcy_Fixed_V,0.166,0.2633341756151291,0.07339008954635444
GAD,GAD,pump_on,Pump on,GAD_ON_OLD_PAIR,17.66666666666665,C:\Users\brend\OneDrive - University of Toronto\VS Code Files\Results\Results_Paper_1\GAD_Pressure_Test_Global_Shared_V,GAD_Darcy_Fixed_V,0.166,0.26356174246149777,0.07264765480253392
GAD,GAD,pump_on,Pump on,GAD_ON_OLD_PAIR,17.833333333333318,C:\Users\brend\OneDrive - University of Toronto\VS Code Files\Results\Results_Paper_1\GAD_Pressure_Test_Global_Shared_V,GAD_Darcy_Fixed_V,0.166,0.2649320963216492,0.07466569981011595
GAD,GAD,pump_on,Pump on,GAD_ON_OLD_PAIR,17.999999999999986,C:\Users\brend\OneDrive - University of Toronto\VS Code Files\Results\Results_Paper_1\GAD_Pressure_Test_Global_Shared_V,GAD_Darcy_Fixed_V,0.166,0.26627256766462015,0.0766397384727941
GAD,GAD,pump_on,Pump on,GAD_ON_OLD_PAIR,18.16666666666665,C:\Users\brend\OneDrive - University of Toronto\VS Code Files\Results\Results_Paper_1\GAD_Pressure_Test_Global_Shared_V,GAD_Darcy_Fixed_V,0.166,0.26842666239844243,0.07879808002356048
GAD,GAD,pump_on,Pump on,GAD_ON_OLD_PAIR,18.333333333333318,C:\Users\brend\OneDrive - University of Toronto\VS Code Files\Results\Results_Paper_1\GAD_Pressure_Test_Global_Shared_V,GAD_Darcy_Fixed_V,0.166,0.2705627503251793,0.08093837926666096
GAD,GAD,pump_on,Pump on,GAD_ON_OLD_PAIR,18.499999999999982,C:\Users\brend\OneDrive - University of Toronto\VS Code Files\Results\Results_Paper_1\GAD_Pressure_Test_Global_Shared_V,GAD_Darcy_Fixed_V,0.166,0.2689854279822157,0.07969900993991519
GAD,GAD,pump_on,Pump on,GAD_ON_OLD_PAIR,18.66666666666665,C:\Users\brend\OneDrive - University of Toronto\VS Code Files\Results\Results_Paper_1\GAD_Pressure_Test_Global_Shared_V,GAD_Darcy_Fixed_V,0.166,0.2673967255664418,0.07845069880540256
GAD,GAD,pump_on,Pump on,GAD_ON_OLD_PAIR,18.833333333333318,C:\Users\brend\OneDrive - University of Toronto\VS Code Files\Results\Results_Paper_1\GAD_Pressure_Test_Global_Shared_V,GAD_Darcy_Fixed_V,0.166,0.26664190263368787,0.07721059663226265
GAD,GAD,pump_on,Pump on,GAD_ON_OLD_PAIR,18.999999999999982,C:\Users\brend\OneDrive - University of Toronto\VS Code Files\Results\Results_Paper_1\GAD_Pressure_Test_Global_Shared_V,GAD_Darcy_Fixed_V,0.166,0.2658840362925686,0.07596549442909717
GAD,GAD,pump_on,Pump on,GAD_ON_OLD_PAIR,19.16666666666665,C:\Users\brend\OneDrive - University of Toronto\VS Code Files\Results\Results_Paper_1\GAD_Pressure_Test_Global_Shared_V,GAD_Darcy_Fixed_V,0.166,0.2695235419224677,0.07883751310052638
GAD,GAD,pump_on,Pump on,GAD_ON_OLD_PAIR,19.333333333333314,C:\Users\brend\OneDrive - University of Toronto\VS Code Files\Results\Results_Paper_1\GAD_Pressure_Test_Global_Shared_V,GAD_Darcy_Fixed_V,0.166,0.2730722035411111,0.08163784464654755
GAD,GAD,pump_on,Pump on,GAD_ON_OLD_PAIR,19.499999999999982,C:\Users\brend\OneDrive - University of Toronto\VS Code Files\Results\Results_Paper_1\GAD_Pressure_Test_Global_Shared_V,GAD_Darcy_Fixed_V,0.166,0.2724230412299974,0.08139130358282406
GAD,GAD,pump_on,Pump on,GAD_ON_OLD_PAIR,19.66666666666665,C:\Users\brend\OneDrive - University of Toronto\VS Code Files\Results\Results_Paper_1\GAD_Pressure_Test_Global_Shared_V,GAD_Darcy_Fixed_V,0.166,0.27177604442769343,0.08114558494337909
GAD,GAD,pump_on,Pump on,GAD_ON_OLD_PAIR,19.833333333333314,C:\Users\brend\OneDrive - University of Toronto\VS Code Files\Results\Results_Paper_1\GAD_Pressure_Test_Global_Shared_V,GAD_Darcy_Fixed_V,0.166,0.27050170427618836,0.07804058217228307
GAD,GAD,pump_on,Pump on,GAD_ON_OLD_PAIR,19.999999999999982,C:\Users\brend\OneDrive - University of Toronto\VS Code Files\Results\Results_Paper_1\GAD_Pressure_Test_Global_Shared_V,GAD_Darcy_Fixed_V,0.166,0.2692400007609701,0.07496636928930411
GAD,GAD,pump_on,Pump on,GAD_ON_OLD_PAIR,20.16666666666665,C:\Users\brend\OneDrive - University of Toronto\VS Code Files\Results\Results_Paper_1\GAD_Pressure_Test_Global_Shared_V,GAD_Darcy_Fixed_V,0.166,0.268952830483848,0.07387334995082535
GAD,GAD,pump_on,Pump on,GAD_ON_OLD_PAIR,20.333333333333314,C:\Users\brend\OneDrive - University of Toronto\VS Code Files\Results\Results_Paper_1\GAD_Pressure_Test_Global_Shared_V,GAD_Darcy_Fixed_V,0.166,0.2686661543850438,0.07278221153980005
GAD,GAD,pump_on,Pump on,GAD_ON_OLD_PAIR,20.499999999999982,C:\Users\brend\OneDrive - University of Toronto\VS Code Files\Results\Results_Paper_1\GAD_Pressure_Test_Global_Shared_V,GAD_Darcy_Fixed_V,0.166,0.26834422786715106,0.07368906059175113
GAD,GAD,pump_on,Pump on,GAD_ON_OLD_PAIR,20.66666666666665,C:\Users\brend\OneDrive - University of Toronto\VS Code Files\Results\Results_Paper_1\GAD_Pressure_Test_Global_Shared_V,GAD_Darcy_Fixed_V,0.166,0.2680205731807161,0.07460077779813215
GAD,GAD,pump_on,Pump on,GAD_ON_OLD_PAIR,20.833333333333314,C:\Users\brend\OneDrive - University of Toronto\VS Code Files\Results\Results_Paper_1\GAD_Pressure_Test_Global_Shared_V,GAD_Darcy_Fixed_V,0.166,0.27244530909578624,0.08056309436367395
GAD,GAD,pump_on,Pump on,GAD_ON_OLD_PAIR,20.999999999999982,C:\Users\brend\OneDrive - University of Toronto\VS Code Files\Results\Results_Paper_1\GAD_Pressure_Test_Global_Shared_V,GAD_Darcy_Fixed_V,0.166,0.2767867217619887,0.08641313313534163
GAD,GAD,pump_on,Pump on,GAD_ON_OLD_PAIR,21.166666666666647,C:\Users\brend\OneDrive - University of Toronto\VS Code Files\Results\Results_Paper_1\GAD_Pressure_Test_Global_Shared_V,GAD_Darcy_Fixed_V,0.166,0.27717253464029323,0.08695500181827255
GAD,GAD,pump_on,Pump on,GAD_ON_OLD_PAIR,21.333333333333314,C:\Users\brend\OneDrive - University of Toronto\VS Code Files\Results\Results_Paper_1\GAD_Pressure_Test_Global_Shared_V,GAD_Darcy_Fixed_V,0.166,0.27756202017230264,0.08750202869093196
GAD,GAD,pump_on,Pump on,GAD_ON_OLD_PAIR,21.499999999999982,C:\Users\brend\OneDrive - University of Toronto\VS Code Files\Results\Results_Paper_1\GAD_Pressure_Test_Global_Shared_V,GAD_Darcy_Fixed_V,0.166,0.27723264582965784,0.0855905801259006
GAD,GAD,pump_on,Pump on,GAD_ON_OLD_PAIR,21.666666666666647,C:\Users\brend\OneDrive - University of Toronto\VS Code Files\Results\Results_Paper_1\GAD_Pressure_Test_Global_Shared_V,GAD_Darcy_Fixed_V,0.166,0.27690978578509523,0.08371693579790031
GAD,GAD,pump_on,Pump on,GAD_ON_OLD_PAIR,21.833333333333314,C:\Users\brend\OneDrive - University of Toronto\VS Code Files\Results\Results_Paper_1\GAD_Pressure_Test_Global_Shared_V,GAD_Darcy_Fixed_V,0.166,0.28009597962393074,0.08680183043788385
GAD,GAD,pump_on,Pump on,GAD_ON_OLD_PAIR,21.98333333333333,C:\Users\brend\OneDrive - University of Toronto\VS Code Files\Results\Results_Paper_1\GAD_Pressure_Test_Global_Shared_V,GAD_Darcy_Fixed_V,0.166,0.2829365109968448,0.08955205231710589
